,referenceTime,sourceId
0,2020-12-01T00:00:00.000Z,SN47230:0
1,2020-12-01T00:00:00.000Z,SN23670:0
2,2020-12-01T00:00:00.000Z,SN59450:0
3,2020-12-01T00:00:00.000Z,SN12590:0
4,2020-12-01T00:00:00.000Z,SN26640:0
5,2020-12-01T00:00:00.000Z,SN67650:0
6,2020-12-01T00:00:00.000Z,SN18269:0
7,2020-12-01T00:00:00.000Z,SN57790:0
8,2020-12-01T00:00:00.000Z,SN61065:0
9,2020-12-01T00:00:00.000Z,SN27600:0
10,2020-12-01T00:00:00.000Z,SN18700:0
11,2020-12-01T00:00:00.000Z,SN87110:0
12,2020-12-01T00:00:00.000Z,SN27295:0
13,2020-12-01T00:00:00.000Z,SN40905:0
14,2020-12-01T00:00:00.000Z,SN40250:0
15,2020-12-01T00:00:00.000Z,SN43220:0
16,2020-12-01T00:00:00.000Z,SN19660:0
17,2020-12-01T00:00:00.000Z,SN18260:0
18,2020-12-01T00:00:00.000Z,SN49240:0
19,2020-12-01T00:00:00.000Z,SN52990:0
20,2020-12-01T00:00:00.000Z,SN5350:0
21,2020-12-01T00:00:00.000Z,SN80740:0
22,2020-12-01T00:00:00.000Z,SN27564:0
23,2020-12-01T00:00:00.000Z,SN1070:0
24,2020-12-01T00:00:00.000Z,SN71230:0
25,2020-12-01T00:00:00.000Z,SN26990:0
26,2020-12-01T00:00:00.000Z,SN810:0
27,2020-12-01T00:00:00.000Z,SN55520:0
28,2020-12-01T00:00:00.000Z,SN60670:0
29,2020-12-01T00:00:00.000Z,SN63595:0
30,2020-12-01T00:00:00.000Z,SN90250:0
31,2020-12-01T00:00:00.000Z,SN34580:0
32,2020-12-01T00:00:00.000Z,SN76245:0
33,2020-12-01T00:00:00.000Z,SN26864:0
34,2020-12-01T00:00:00.000Z,SN19830:0
35,2020-12-01T00:00:00.000Z,SN44485:0
36,2020-12-01T00:00:00.000Z,SN26900:0
37,2020-12-01T00:00:00.000Z,SN19525:0
38,2020-12-01T00:00:00.000Z,SN50505:0
39,2020-12-01T00:00:00.000Z,SN79215:0
40,2020-12-01T00:00:00.000Z,SN61630:0
41,2020-12-01T00:00:00.000Z,SN31700:0
42,2020-12-01T00:00:00.000Z,SN83710:0
43,2020-12-01T00:00:00.000Z,SN91551:0
44,2020-12-01T00:00:00.000Z,SN50514:0
45,2020-12-01T00:00:00.000Z,SN78910:0
46,2020-12-01T00:00:00.000Z,SN82310:0
47,2020-12-01T00:00:00.000Z,SN46432:0
48,2020-12-01T00:00:00.000Z,SN8140:0
49,2020-12-01T00:00:00.000Z,SN27160:0
50,2020-12-01T00:00:00.000Z,SN15730:0
51,2020-12-01T00:00:00.000Z,SN85450:0
52,2020-12-01T00:00:00.000Z,SN85890:0
53,2020-12-01T00:00:00.000Z,SN47060:0
54,2020-12-05T00:00:00.000Z,SN39030:0
55,2020-12-01T00:00:00.000Z,SN23500:0
56,2020-12-01T00:00:00.000Z,SN50810:0
57,2020-12-01T00:00:00.000Z,SN4040:0
58,2020-12-01T00:00:00.000Z,SN44530:0
59,2020-12-01T00:00:00.000Z,SN72710:0
60,2020-12-01T00:00:00.000Z,SN58705:0
61,2020-12-01T00:00:00.000Z,SN42520:0
62,2020-12-01T00:00:00.000Z,SN98630:0
63,2020-12-01T00:00:00.000Z,SN59800:0
64,2020-12-01T00:00:00.000Z,SN50245:0
65,2020-12-01T00:00:00.000Z,SN52452:0
66,2020-12-01T00:00:00.000Z,SN23410:0
67,2020-12-01T00:00:00.000Z,SN59665:0
68,2020-12-01T00:00:00.000Z,SN12680:0
69,2020-12-01T00:00:00.000Z,SN99500:0
70,2020-12-01T00:00:00.000Z,SN64510:0
71,2020-12-01T00:00:00.000Z,SN17650:0
72,2020-12-01T00:00:00.000Z,SN42810:0
73,2020-12-01T00:00:00.000Z,SN30330:0
74,2020-12-01T00:00:00.000Z,SN51010:0
75,2020-12-01T00:00:00.000Z,SN3370:0
76,2020-12-01T00:00:00.000Z,SN99090:0
77,2020-12-01T00:00:00.000Z,SN44730:0
78,2020-12-01T00:00:00.000Z,SN4590:0
79,2020-12-01T00:00:00.000Z,SN71385:0
80,2020-12-01T00:00:00.000Z,SN51800:0
81,2020-12-01T00:00:00.000Z,SN31900:0
82,2020-12-02T00:00:00.000Z,SN57380:0
83,2020-12-01T00:00:00.000Z,SN17895:0
84,2020-12-01T00:00:00.000Z,SN56420:0
85,2020-12-01T00:00:00.000Z,SN80707:0
86,2020-12-01T00:00:00.000Z,SN59695:0
87,2020-12-01T00:00:00.000Z,SN91150:0
88,2020-12-03T00:00:00.000Z,SN18317:0
89,2020-12-01T00:00:00.000Z,SN70820:0
90,2020-12-01T00:00:00.000Z,SN3280:0
91,2020-12-01T00:00:00.000Z,SN16271:0
92,2020-12-01T00:00:00.000Z,SN44640:0
93,2020-12-01T00:00:00.000Z,SN26580:0
94,2020-12-01T00:00:00.000Z,SN47260:0
95,2020-12-01T00:00:00.000Z,SN61310:0
96,2020-12-01T00:00:00.000Z,SN53280:0
97,2020-12-01T00:00:00.000Z,SN71780:0
98,2020-12-01T00:00:00.000Z,SN65060:0
99,2020-12-01T00:00:00.000Z,SN29720:0
100,2020-12-01T00:00:00.000Z,SN94640:0
101,2020-12-01T00:00:00.000Z,SN62270:0
102,2020-12-01T00:00:00.000Z,SN72650:0
103,2020-12-01T00:00:00.000Z,SN37310:0
104,2020-12-01T00:00:00.000Z,SN54590:0
105,2020-12-01T00:00:00.000Z,SN30285:0
106,2020-12-01T00:00:00.000Z,SN27262:0
107,2020-12-01T00:00:00.000Z,SN13750:0
108,2020-12-01T00:00:00.000Z,SN19923:0
109,2020-12-01T00:00:00.000Z,SN54330:0
110,2020-12-01T00:00:00.000Z,SN52930:0
111,2020-12-01T00:00:00.000Z,SN46300:0
112,2020-12-01T00:00:00.000Z,SN88010:0
113,2020-12-01T00:00:00.000Z,SN19815:0
114,2020-12-01T00:00:00.000Z,SN90630:0
115,2020-12-25T00:00:00.000Z,SN47170:0
116,2020-12-01T00:00:00.000Z,SN27271:0
117,2020-12-01T00:00:00.000Z,SN26840:0
118,2020-12-01T00:00:00.000Z,SN47610:0
119,2020-12-01T00:00:00.000Z,SN79720:0
120,2020-12-01T00:00:00.000Z,SN8780:0
121,2020-12-01T00:00:00.000Z,SN12180:0
122,2020-12-01T00:00:00.000Z,SN68290:0
123,2020-12-01T00:00:00.000Z,SN90495:0
124,2020-12-01T00:00:00.000Z,SN33300:0
125,2020-12-01T00:00:00.000Z,SN66630:0
126,2020-12-01T00:00:00.000Z,SN27800:0
127,2020-12-01T00:00:00.000Z,SN18245:0
128,2020-12-01T00:00:00.000Z,SN77280:0
129,2020-12-01T00:00:00.000Z,SN27540:0
130,2020-12-01T00:00:00.000Z,SN56250:0
131,2020-12-01T00:00:00.000Z,SN19510:0
132,2020-12-01T00:00:00.000Z,SN26894:0
133,2020-12-01T00:00:00.000Z,SN55290:0
134,2020-12-01T00:00:00.000Z,SN50526:0
135,2020-12-01T00:00:00.000Z,SN19932:0
136,2020-12-19T00:00:00.000Z,SN39212:0
137,2020-12-01T00:00:00.000Z,SN26230:0
138,2020-12-01T00:00:00.000Z,SN27450:0
139,2020-12-01T00:00:00.000Z,SN76930:0
140,2020-12-01T00:00:00.000Z,SN98265:0
141,2020-12-01T00:00:00.000Z,SN63580:0
142,2020-12-01T00:00:00.000Z,SN58780:0
143,2020-12-01T00:00:00.000Z,SN55550:0
144,2020-12-01T00:00:00.000Z,SN42720:0
145,2020-12-01T00:00:00.000Z,SN97251:0
146,2020-12-01T00:00:00.000Z,SN83300:0
147,2020-12-01T00:00:00.000Z,SN85480:0
148,2020-12-01T00:00:00.000Z,SN97350:0
149,2020-12-01T00:00:00.000Z,SN88100:0
150,2020-12-01T00:00:00.000Z,SN57150:0
151,2020-12-01T00:00:00.000Z,SN34370:0
152,2020-12-01T00:00:00.000Z,SN73550:0
153,2020-12-01T00:00:00.000Z,SN27435:0
154,2020-12-01T00:00:00.000Z,SN19405:0
155,2020-12-01T00:00:00.000Z,SN67270:0
156,2020-12-01T00:00:00.000Z,SN27130:0
157,2020-12-01T00:00:00.000Z,SN96850:0
158,2020-12-01T00:00:00.000Z,SN57365:0
159,2020-12-01T00:00:00.000Z,SN13125:0
160,2020-12-01T00:00:00.000Z,SN96931:0
161,2020-12-01T00:00:00.000Z,SN46150:0
162,2020-12-01T00:00:00.000Z,SN8720:0
163,2020-12-01T00:00:00.000Z,SN68230:0
164,2020-12-01T00:00:00.000Z,SN29400:0
165,2020-12-01T00:00:00.000Z,SN30270:0
166,2020-12-01T00:00:00.000Z,SN80880:0
167,2020-12-01T00:00:00.000Z,SN70850:0
168,2020-12-01T00:00:00.000Z,SN91530:0
169,2020-12-01T00:00:00.000Z,SN42490:0
170,2020-12-19T00:00:00.000Z,SN48070:0
171,2020-12-01T00:00:00.000Z,SN19710:0
172,2020-12-01T00:00:00.000Z,SN69190:0
173,2020-12-01T00:00:00.000Z,SN1650:0
174,2020-12-01T00:00:00.000Z,SN43010:0
175,2020-12-01T00:00:00.000Z,SN89233:0
176,2020-12-01T00:00:00.000Z,SN81930:0
177,2020-12-01T00:00:00.000Z,SN91180:0
178,2020-12-01T00:00:00.000Z,SN16265:0
179,2020-12-01T00:00:00.000Z,SN48061:0
180,2020-12-01T00:00:00.000Z,SN9303:0
181,2020-12-01T00:00:00.000Z,SN3480:0
182,2020-12-01T00:00:00.000Z,SN26780:0
183,2020-12-01T00:00:00.000Z,SN59680:0
184,2020-12-01T00:00:00.000Z,SN45675:0
185,2020-12-01T00:00:00.000Z,SN78350:0
186,2020-12-01T00:00:00.000Z,SN41090:0
187,2020-12-01T00:00:00.000Z,SN3005:0
188,2020-12-01T00:00:00.000Z,SN60640:0
189,2020-12-01T00:00:00.000Z,SN92750:0
190,2020-12-01T00:00:00.000Z,SN44562:0
191,2020-12-01T00:00:00.000Z,SN23550:0
192,2020-12-01T00:00:00.000Z,SN26852:0
193,2020-12-01T00:00:00.000Z,SN53480:0
194,2020-12-01T00:00:00.000Z,SN46850:0
195,2020-12-01T00:00:00.000Z,SN30288:0
196,2020-12-01T00:00:00.000Z,SN30261:0
197,2020-12-01T00:00:00.000Z,SN32540:0
198,2020-12-01T00:00:00.000Z,SN25165:0
199,2020-12-01T00:00:00.000Z,SN12210:0
200,2020-12-01T00:00:00.000Z,SN32890:0
201,2020-12-01T00:00:00.000Z,SN60945:0
202,2020-12-01T00:00:00.000Z,SN69100:0
203,2020-12-01T00:00:00.000Z,SN24600:0
204,2020-12-01T00:00:00.000Z,SN60810:0
205,2020-12-01T00:00:00.000Z,SN37600:0
206,2020-12-01T00:00:00.000Z,SN53160:0
207,2020-12-01T00:00:00.000Z,SN30282:0
208,2020-12-01T00:00:00.000Z,SN29600:0
209,2020-12-01T00:00:00.000Z,SN18170:0
210,2020-12-01T00:00:00.000Z,SN11450:0
211,2020-12-01T00:00:00.000Z,SN29950:0
212,2020-12-01T00:00:00.000Z,SN67560:0
213,2020-12-01T00:00:00.000Z,SN70960:0
214,2020-12-09T00:00:00.000Z,SN59530:0
215,2020-12-01T00:00:00.000Z,SN34095:0
216,2020-12-01T00:00:00.000Z,SN61064:0
217,2020-12-01T00:00:00.000Z,SN30246:0
218,2020-12-01T00:00:00.000Z,SN67210:0
219,2020-12-01T00:00:00.000Z,SN81915:0
220,2020-12-01T00:00:00.000Z,SN32220:0
221,2020-12-01T00:00:00.000Z,SN75410:0
222,2020-12-01T00:00:00.000Z,SN27770:0
223,2020-12-01T00:00:00.000Z,SN90510:0
224,2020-12-01T00:00:00.000Z,SN18215:0
225,2020-12-01T00:00:00.000Z,SN48450:0
226,2020-12-01T00:00:00.000Z,SN40420:0
227,2020-12-01T00:00:00.000Z,SN79600:0
228,2020-12-28T00:00:00.000Z,SN82220:0
229,2020-12-01T00:00:00.000Z,SN41990:0
230,2020-12-01T00:00:00.000Z,SN94870:0
231,2020-12-01T00:00:00.000Z,SN27330:0
232,2020-12-01T00:00:00.000Z,SN49087:0
233,2020-12-01T00:00:00.000Z,SN27420:0
234,2020-12-01T00:00:00.000Z,SN57000:0
235,2020-12-01T00:00:00.000Z,SN47445:0
236,2020-12-01T00:00:00.000Z,SN68125:0
237,2020-12-01T00:00:00.000Z,SN98360:0
238,2020-12-01T00:00:00.000Z,SN13110:0
239,2020-12-01T00:00:00.000Z,SN11710:0
240,2020-12-01T00:00:00.000Z,SN28380:0
241,2020-12-01T00:00:00.000Z,SN30255:0
242,2020-12-01T00:00:00.000Z,SN55430:0
243,2020-12-01T00:00:00.000Z,SN30650:0
244,2020-12-01T00:00:00.000Z,SN38150:0
245,2020-12-01T00:00:00.000Z,SN17820:0
246,2020-12-01T00:00:00.000Z,SN91380:0
247,2020-12-01T00:00:00.000Z,SN18233:0
248,2020-12-01T00:00:00.000Z,SN44520:0
249,2020-12-01T00:00:00.000Z,SN46090:0
250,2020-12-01T00:00:00.000Z,SN44610:0
251,2020-12-01T00:00:00.000Z,SN55735:0
252,2020-12-01T00:00:00.000Z,SN17775:0
253,2020-12-01T00:00:00.000Z,SN64330:0
254,2020-12-01T00:00:00.000Z,SN39200:0
255,2020-12-01T00:00:00.000Z,SN31520:0
256,2020-12-01T00:00:00.000Z,SN63630:0
257,2020-12-01T00:00:00.000Z,SN24890:0
258,2020-12-01T00:00:00.000Z,SN82130:0
259,2020-12-01T00:00:00.000Z,SN51940:0
260,2020-12-01T00:00:00.000Z,SN40510:0
261,2020-12-01T00:00:00.000Z,SN91120:0
262,2020-12-01T00:00:00.000Z,SN64590:0
263,2020-12-01T00:00:00.000Z,SN12960:0
264,2020-12-01T00:00:00.000Z,SN50570:0
265,2020-12-01T00:00:00.000Z,SN54320:0
266,2020-12-01T00:00:00.000Z,SN64970:0
267,2020-12-11T00:00:00.000Z,SN31855:0
268,2020-12-01T00:00:00.000Z,SN17850:0
269,2020-12-01T00:00:00.000Z,SN57030:0
270,2020-12-01T00:00:00.000Z,SN27261:0
271,2020-12-01T00:00:00.000Z,SN37570:0
272,2020-12-01T00:00:00.000Z,SN32061:0
273,2020-12-01T00:00:00.000Z,SN90360:0
274,2020-12-02T00:00:00.000Z,SN4455:0
275,2020-12-01T00:00:00.000Z,SN27010:0
276,2020-12-01T00:00:00.000Z,SN65275:0
277,2020-12-01T00:00:00.000Z,SN57990:0
278,2020-12-01T00:00:00.000Z,SN59210:0
279,2020-12-01T00:00:00.000Z,SN50310:0
280,2020-12-01T00:00:00.000Z,SN85040:0
281,2020-12-01T00:00:00.000Z,SN51530:0
282,2020-12-01T00:00:00.000Z,SN16845:0
283,2020-12-01T00:00:00.000Z,SN12700:0
284,2020-12-01T00:00:00.000Z,SN26750:0
285,2020-12-01T00:00:00.000Z,SN58860:0
286,2020-12-01T00:00:00.000Z,SN79253:0
287,2020-12-01T00:00:00.000Z,SN50175:0
288,2020-12-01T00:00:00.000Z,SN50830:0
289,2020-12-01T00:00:00.000Z,SN3190:0
290,2020-12-01T00:00:00.000Z,SN50525:0
291,2020-12-01T00:00:00.000Z,SN43895:0
292,2020-12-01T00:00:00.000Z,SN45770:0
293,2020-12-01T00:00:00.000Z,SN56895:0
294,2020-12-01T00:00:00.000Z,SN59820:0
295,2020-12-01T00:00:00.000Z,SN5370:0
296,2020-12-01T00:00:00.000Z,SN17150:0
297,2020-12-01T00:00:00.000Z,SN18020:0
298,2020-12-01T00:00:00.000Z,SN50507:0
299,2020-12-01T00:00:00.000Z,SN73466:0
300,2020-12-01T00:00:00.000Z,SN67150:0
301,2020-12-01T00:00:00.000Z,SN84905:0
302,2020-12-01T00:00:00.000Z,SN55720:0
303,2020-12-01T00:00:00.000Z,SN76750:0
304,2020-12-01T00:00:00.000Z,SN90800:0
305,2020-12-01T00:00:00.000Z,SN52535:0
306,2020-12-01T00:00:00.000Z,SN86520:0
307,2020-12-01T00:00:00.000Z,SN18980:0
308,2020-12-01T00:00:00.000Z,SN39750:0
309,2020-12-01T00:00:00.000Z,SN63705:0
310,2020-12-01T00:00:00.000Z,SN52750:0
311,2020-12-01T00:00:00.000Z,SN27315:0
312,2020-12-01T00:00:00.000Z,SN19940:0
313,2020-12-01T00:00:00.000Z,SN69420:0
314,2020-12-01T00:00:00.000Z,SN33990:0
315,2020-12-01T00:00:00.000Z,SN1135:0
316,2020-12-01T00:00:00.000Z,SN30249:0
317,2020-12-01T00:00:00.000Z,SN62700:0
318,2020-12-01T00:00:00.000Z,SN90100:0
319,2020-12-01T00:00:00.000Z,SN27055:0
320,2020-12-01T00:00:00.000Z,SN90450:0
321,2020-12-01T00:00:00.000Z,SN35210:0
322,2020-12-01T00:00:00.000Z,SN61408:0
323,2020-12-01T00:00:00.000Z,SN43007:0
324,2020-12-01T00:00:00.000Z,SN68110:0
325,2020-12-01T00:00:00.000Z,SN31550:0
326,2020-12-01T00:00:00.000Z,SN91715:0
327,2020-12-01T00:00:00.000Z,SN27270:0
328,2020-12-02T00:00:00.000Z,SN46425:0
329,2020-12-01T00:00:00.000Z,SN85560:0
330,2020-12-01T00:00:00.000Z,SN65230:0
331,2020-12-01T00:00:00.000Z,SN47262:0
332,2020-12-01T00:00:00.000Z,SN55705:0
333,2020-12-01T00:00:00.000Z,SN48330:0
334,2020-12-01T00:00:00.000Z,SN46930:0
335,2020-12-01T00:00:00.000Z,SN69010:0
336,2020-12-01T00:00:00.000Z,SN91251:0
337,2020-12-01T00:00:00.000Z,SN60980:0
338,2020-12-01T00:00:00.000Z,SN5660:0
339,2020-12-01T00:00:00.000Z,SN18310:0
340,2020-12-01T00:00:00.000Z,SN49631:0
341,2020-12-01T00:00:00.000Z,SN47890:0
342,2020-12-01T00:00:00.000Z,SN61070:0
343,2020-12-01T00:00:00.000Z,SN90650:0
344,2020-12-01T00:00:00.000Z,SN46410:0
345,2020-12-01T00:00:00.000Z,SN62290:0
346,2020-12-01T00:00:00.000Z,SN82970:0
347,2020-12-01T00:00:00.000Z,SN38730:0
348,2020-12-01T00:00:00.000Z,SN8800:0
349,2020-12-01T00:00:00.000Z,SN56010:0
350,2020-12-01T00:00:00.000Z,SN770:0
351,2020-12-01T00:00:00.000Z,SN12550:0
352,2020-12-01T00:00:00.000Z,SN71280:0
353,2020-12-01T00:00:00.000Z,SN25640:0
354,2020-12-01T00:00:00.000Z,SN18265:0
355,2020-12-01T00:00:00.000Z,SN37070:0
356,2020-12-01T00:00:00.000Z,SN76250:0
357,2020-12-01T00:00:00.000Z,SN8450:0
358,2020-12-01T00:00:00.000Z,SN26950:0
359,2020-12-01T00:00:00.000Z,SN30530:0
360,2020-12-01T00:00:00.000Z,SN420:0
361,2020-12-01T00:00:00.000Z,SN67153:0
362,2020-12-01T00:00:00.000Z,SN70930:0
363,2020-12-01T00:00:00.000Z,SN64300:0
364,2020-12-01T00:00:00.000Z,SN62900:0
365,2020-12-01T00:00:00.000Z,SN68050:0
366,2020-12-19T00:00:00.000Z,SN66175:0
367,2020-12-01T00:00:00.000Z,SN1380:0
368,2020-12-01T00:00:00.000Z,SN49245:0
369,2020-12-01T00:00:00.000Z,SN52170:0
370,2020-12-01T00:00:00.000Z,SN80700:0
371,2020-12-01T00:00:00.000Z,SN13160:0
372,2020-12-02T00:00:00.000Z,SN50770:0
373,2020-12-01T00:00:00.000Z,SN77040:0
374,2020-12-01T00:00:00.000Z,SN79220:0
375,2020-12-01T00:00:00.000Z,SN4090:0
376,2020-12-01T00:00:00.000Z,SN36200:0
377,2020-12-01T00:00:00.000Z,SN31400:0
378,2020-12-01T00:00:00.000Z,SN84630:0
379,2020-12-01T00:00:00.000Z,SN17090:0
380,2020-12-01T00:00:00.000Z,SN58100:0
381,2020-12-01T00:00:00.000Z,SN86810:0
382,2020-12-01T00:00:00.000Z,SN76914:0
383,2020-12-01T00:00:00.000Z,SN52475:0
384,2020-12-01T00:00:00.000Z,SN76923:0
385,2020-12-01T00:00:00.000Z,SN4960:0
386,2020-12-01T00:00:00.000Z,SN15430:0
387,2020-12-01T00:00:00.000Z,SN36110:0
388,2020-12-01T00:00:00.000Z,SN31660:0
389,2020-12-01T00:00:00.000Z,SN50815:0
390,2020-12-01T00:00:00.000Z,SN27282:0
391,2020-12-01T00:00:00.000Z,SN53130:0
392,2020-12-01T00:00:00.000Z,SN98976:0
393,2020-12-01T00:00:00.000Z,SN38380:0
394,2020-12-01T00:00:00.000Z,SN23720:0
395,2020-12-01T00:00:00.000Z,SN18920:0
396,2020-12-01T00:00:00.000Z,SN12290:0
397,2020-12-01T00:00:00.000Z,SN4260:0
398,2020-12-01T00:00:00.000Z,SN51470:0
399,2020-12-01T00:00:00.000Z,SN16040:0
400,2020-12-01T00:00:00.000Z,SN94230:0
401,2020-12-01T00:00:00.000Z,SN12030:0
402,2020-12-01T00:00:00.000Z,SN78170:0
403,2020-12-01T00:00:00.000Z,SN66740:0
404,2020-12-01T00:00:00.000Z,SN61420:0
405,2020-12-01T00:00:00.000Z,SN43530:0
406,2020-12-01T00:00:00.000Z,SN17000:0
407,2020-12-01T00:00:00.000Z,SN2980:0
408,2020-12-01T00:00:00.000Z,SN35090:0
409,2020-12-01T00:00:00.000Z,SN84920:0
410,2020-12-01T00:00:00.000Z,SN17380:0
411,2020-12-01T00:00:00.000Z,SN26594:0
412,2020-12-01T00:00:00.000Z,SN58390:0
413,2020-12-01T00:00:00.000Z,SN26630:0
414,2020-12-01T00:00:00.000Z,SN44080:0
415,2020-12-01T00:00:00.000Z,SN64760:0
416,2020-12-01T00:00:00.000Z,SN98790:0
417,2020-12-01T00:00:00.000Z,SN12320:0
418,2020-12-01T00:00:00.000Z,SN53680:0
419,2020-12-19T00:00:00.000Z,SN18690:0
420,2020-12-01T00:00:00.000Z,SN24710:0
421,2020-12-01T00:00:00.000Z,SN91505:0
422,2020-12-01T00:00:00.000Z,SN94430:0
423,2020-12-01T00:00:00.000Z,SN60247:0
424,2020-12-02T00:00:00.000Z,SN12580:0
425,2020-12-01T00:00:00.000Z,SN46610:0
426,2020-12-01T00:00:00.000Z,SN31080:0
427,2020-12-01T00:00:00.000Z,SN87970:0
428,2020-12-01T00:00:00.000Z,SN81340:0
429,2020-12-01T00:00:00.000Z,SN25580:0
430,2020-12-01T00:00:00.000Z,SN76926:0
431,2020-12-01T00:00:00.000Z,SN18645:0
432,2020-12-01T00:00:00.000Z,SN26872:0
433,2020-12-01T00:00:00.000Z,SN53070:0
434,2020-12-01T00:00:00.000Z,SN65370:0
435,2020-12-01T00:00:00.000Z,SN80102:0
436,2020-12-01T00:00:00.000Z,SN47220:0
437,2020-12-01T00:00:00.000Z,SN18205:0
438,2020-12-01T00:00:00.000Z,SN4200:0
439,2020-12-01T00:00:00.000Z,SN60310:0
440,2020-12-01T00:00:00.000Z,SN42160:0
441,2020-12-01T00:00:00.000Z,SN34130:0
442,2020-12-01T00:00:00.000Z,SN27500:0
443,2020-12-01T00:00:00.000Z,SN68860:0
444,2020-12-01T00:00:00.000Z,SN80730:0
445,2020-12-01T00:00:00.000Z,SN60400:0
446,2020-12-01T00:00:00.000Z,SN89980:0
447,2020-12-01T00:00:00.000Z,SN27590:0
448,2020-12-01T00:00:00.000Z,SN27285:0
449,2020-12-01T00:00:00.000Z,SN77850:0
450,2020-12-01T00:00:00.000Z,SN100:0
451,2020-12-01T00:00:00.000Z,SN60947:0
452,2020-12-01T00:00:00.000Z,SN49490:0
453,2020-12-01T00:00:00.000Z,SN85440:0
454,2020-12-01T00:00:00.000Z,SN58480:0
455,2020-12-01T00:00:00.000Z,SN50450:0
456,2020-12-01T00:00:00.000Z,SN41550:0
457,2020-12-01T00:00:00.000Z,SN82560:0
458,2020-12-01T00:00:00.000Z,SN36490:0
459,2020-12-01T00:00:00.000Z,SN50540:0
460,2020-12-01T00:00:00.000Z,SN52415:0
461,2020-12-01T00:00:00.000Z,SN30380:0
462,2020-12-01T00:00:00.000Z,SN18950:0
463,2020-12-01T00:00:00.000Z,SN20520:0
464,2020-12-01T00:00:00.000Z,SN65451:0
465,2020-12-01T00:00:00.000Z,SN57789:0
466,2020-12-01T00:00:00.000Z,SN44780:0
467,2020-12-01T00:00:00.000Z,SN92860:0
468,2020-12-01T00:00:00.000Z,SN83960:0
469,2020-12-01T00:00:00.000Z,SN25320:0
470,2020-12-01T00:00:00.000Z,SN17640:0
471,2020-12-01T00:00:00.000Z,SN47600:0
472,2020-12-01T00:00:00.000Z,SN56850:0
473,2020-12-01T00:00:00.000Z,SN30320:0
474,2020-12-01T00:00:00.000Z,SN52400:0
475,2020-12-01T00:00:00.000Z,SN13390:0
476,2020-12-01T00:00:00.000Z,SN88628:0
477,2020-12-01T00:00:00.000Z,SN48120:0
478,2020-12-01T00:00:00.000Z,SN66620:0
479,2020-12-01T00:00:00.000Z,SN58770:0
480,2020-12-01T00:00:00.000Z,SN19760:0
481,2020-12-01T00:00:00.000Z,SN30410:0
482,2020-12-01T00:00:00.000Z,SN19428:0
483,2020-12-01T00:00:00.000Z,SN28750:0
484,2020-12-01T00:00:00.000Z,SN30275:0
485,2020-12-01T00:00:00.000Z,SN79764:0
486,2020-12-01T00:00:00.000Z,SN16620:0
487,2020-12-01T00:00:00.000Z,SN69150:0
488,2020-12-01T00:00:00.000Z,SN64700:0
489,2020-12-01T00:00:00.000Z,SN15660:0
490,2020-12-01T00:00:00.000Z,SN85380:0
491,2020-12-01T00:00:00.000Z,SN76920:0
492,2020-12-01T00:00:00.000Z,SN9380:0
493,2020-12-01T00:00:00.000Z,SN68863:0
494,2020-12-01T00:00:00.000Z,SN53010:0
495,2020-12-01T00:00:00.000Z,SN85470:0
496,2020-12-01T00:00:00.000Z,SN50480:0
497,2020-12-01T00:00:00.000Z,SN91490:0
498,2020-12-01T00:00:00.000Z,SN49080:0
499,2020-12-01T00:00:00.000Z,SN16611:0
500,2020-12-01T00:00:00.000Z,SN18235:0
501,2020-12-01T00:00:00.000Z,SN1960:0
502,2020-12-01T00:00:00.000Z,SN58070:0
503,2020-12-01T00:00:00.000Z,SN51440:0
504,2020-12-01T00:00:00.000Z,SN50040:0
505,2020-12-01T00:00:00.000Z,SN84770:0
506,2020-12-01T00:00:00.000Z,SN57810:0
507,2020-12-01T00:00:00.000Z,SN65310:0
508,2020-12-01T00:00:00.000Z,SN52310:0
509,2020-12-01T00:00:00.000Z,SN47232:0
510,2020-12-01T00:00:00.000Z,SN40880:0
511,2020-12-01T00:00:00.000Z,SN32850:0
512,2020-12-01T00:00:00.000Z,SN19527:0
513,2020-12-01T00:00:00.000Z,SN53530:0
514,2020-12-01T00:00:00.000Z,SN68262:0
515,2020-12-01T00:00:00.000Z,SN79791:0
516,2020-12-01T00:00:00.000Z,SN39220:0
517,2020-12-04T00:00:00.000Z,SN59586:0
518,2020-12-01T00:00:00.000Z,SN18280:0
519,2020-12-01T00:00:00.000Z,SN10600:0
520,2020-12-01T00:00:00.000Z,SN51610:0
521,2020-12-01T00:00:00.000Z,SN21680:0
522,2020-12-01T00:00:00.000Z,SN30293:0
523,2020-12-01T00:00:00.000Z,SN95590:0
524,2020-12-01T00:00:00.000Z,SN41795:0
525,2020-12-01T00:00:00.000Z,SN32240:0
526,2020-12-01T00:00:00.000Z,SN73250:0
527,2020-12-01T00:00:00.000Z,SN61820:0
528,2020-12-01T00:00:00.000Z,SN22990:0
529,2020-12-01T00:00:00.000Z,SN34115:0
530,2020-12-01T00:00:00.000Z,SN94280:0
531,2020-12-01T00:00:00.000Z,SN19455:0
532,2020-12-01T00:00:00.000Z,SN22730:0
533,2020-12-01T00:00:00.000Z,SN30248:0
534,2020-12-01T00:00:00.000Z,SN27162:0
535,2020-12-01T00:00:00.000Z,SN15050:0
536,2020-12-01T00:00:00.000Z,SN5495:0
537,2020-12-01T00:00:00.000Z,SN92650:0
538,2020-12-01T00:00:00.000Z,SN25110:0
539,2020-12-01T00:00:00.000Z,SN4780:0
540,2020-12-01T00:00:00.000Z,SN68238:0
541,2020-12-01T00:00:00.000Z,SN60890:0
542,2020-12-01T00:00:00.000Z,SN93000:0
543,2020-12-01T00:00:00.000Z,SN57660:0
544,2020-12-01T00:00:00.000Z,SN52860:0
545,2020-12-01T00:00:00.000Z,SN10800:0
546,2020-12-01T00:00:00.000Z,SN25541:0
547,2020-12-01T00:00:00.000Z,SN61410:0
548,2020-12-01T00:00:00.000Z,SN81310:0
549,2020-12-01T00:00:00.000Z,SN19718:0
550,2020-12-01T00:00:00.000Z,SN41825:0
551,2020-12-01T00:00:00.000Z,SN54780:0
552,2020-12-01T00:00:00.000Z,SN90560:0
553,2020-12-01T00:00:00.000Z,SN48500:0
554,2020-12-01T00:00:00.000Z,SN67780:0
555,2020-12-01T00:00:00.000Z,SN19458:0
556,2020-12-01T00:00:00.000Z,SN12110:0
557,2020-12-01T00:00:00.000Z,SN4735:0
558,2020-12-01T00:00:00.000Z,SN93700:0
559,2020-12-01T00:00:00.000Z,SN80870:0
560,2020-12-01T00:00:00.000Z,SN6700:0
561,2020-12-01T00:00:00.000Z,SN94050:0
562,2020-12-01T00:00:00.000Z,SN39160:0
563,2020-12-01T00:00:00.000Z,SN27730:0
564,2020-12-01T00:00:00.000Z,SN52555:0
565,2020-12-01T00:00:00.000Z,SN48069:0
566,2020-12-01T00:00:00.000Z,SN12666:0
567,2020-12-01T00:00:00.000Z,SN28923:0
568,2020-12-01T00:00:00.000Z,SN13420:0
569,2020-12-01T00:00:00.000Z,SN27470:0
570,2020-12-01T00:00:00.000Z,SN75550:0
571,2020-12-01T00:00:00.000Z,SN68175:0
572,2020-12-01T00:00:00.000Z,SN62200:0
573,2020-12-01T00:00:00.000Z,SN60800:0
574,2020-12-01T00:00:00.000Z,SN63420:0
575,2020-12-01T00:00:00.000Z,SN43090:0
576,2020-12-01T00:00:00.000Z,SN16560:0
577,2020-12-01T00:00:00.000Z,SN7660:0
578,2020-12-01T00:00:00.000Z,SN19530:0
579,2020-12-01T00:00:00.000Z,SN55740:0
580,2020-12-01T00:00:00.000Z,SN725:0
581,2020-12-01T00:00:00.000Z,SN8880:0
582,2020-12-01T00:00:00.000Z,SN30305:0
583,2020-12-01T00:00:00.000Z,SN34800:0
584,2020-12-01T00:00:00.000Z,SN6440:0
585,2020-12-01T00:00:00.000Z,SN47450:0
586,2020-12-01T00:00:00.000Z,SN27120:0
587,2020-12-01T00:00:00.000Z,SN50070:0
588,2020-12-01T00:00:00.000Z,SN17870:0
589,2020-12-01T00:00:00.000Z,SN43350:0
590,2020-12-01T00:00:00.000Z,SN99460:0
591,2020-12-01T00:00:00.000Z,SN91430:0
592,2020-12-01T00:00:00.000Z,SN63725:0
593,2020-12-01T00:00:00.000Z,SN24240:0
594,2020-12-01T00:00:00.000Z,SN9580:0
595,2020-12-01T00:00:00.000Z,SN60190:0
596,2020-12-02T00:00:00.000Z,SN15950:0
597,2020-12-01T00:00:00.000Z,SN7920:0
598,2020-12-01T00:00:00.000Z,SN27075:0
599,2020-12-01T00:00:00.000Z,SN99370:0
600,2020-12-01T00:00:00.000Z,SN30350:0
601,2020-12-01T00:00:00.000Z,SN80610:0
602,2020-12-01T00:00:00.000Z,SN44552:0
603,2020-12-01T00:00:00.000Z,SN72580:0
604,2020-12-01T00:00:00.000Z,SN91080:0
605,2020-12-01T00:00:00.000Z,SN17251:0
606,2020-12-01T00:00:00.000Z,SN84701:0
607,2020-12-01T00:00:00.000Z,SN30242:0
608,2020-12-01T00:00:00.000Z,SN77425:0
609,2020-12-01T00:00:00.000Z,SN51990:0
610,2020-12-01T00:00:00.000Z,SN88200:0
611,2020-12-01T00:00:00.000Z,SN4825:0
612,2020-12-01T00:00:00.000Z,SN56960:0
613,2020-12-01T00:00:00.000Z,SN45530:0
614,2020-12-01T00:00:00.000Z,SN11500:0
615,2020-12-01T00:00:00.000Z,SN30000:0
616,2020-12-01T00:00:00.000Z,SN42650:0
617,2020-12-01T00:00:00.000Z,SN73630:0
618,2020-12-01T00:00:00.000Z,SN30278:0
619,2020-12-01T00:00:00.000Z,SN11440:0
620,2020-12-01T00:00:00.000Z,SN64320:0
621,2020-12-01T00:00:00.000Z,SN98978:0
622,2020-12-01T00:00:00.000Z,SN38140:0
623,2020-12-01T00:00:00.000Z,SN50351:0
624,2020-12-01T00:00:00.000Z,SN15262:0
625,2020-12-01T00:00:00.000Z,SN17810:0
626,2020-12-01T00:00:00.000Z,SN58165:0
627,2020-12-01T00:00:00.000Z,SN50360:0
628,2020-12-01T00:00:00.000Z,SN26450:0
629,2020-12-01T00:00:00.000Z,SN17550:0
630,2020-12-01T00:00:00.000Z,SN50539:0
631,2020-12-01T00:00:00.000Z,SN69380:0
632,2020-12-01T00:00:00.000Z,SN39450:0
633,2020-12-01T00:00:00.000Z,SN60875:0
634,2020-12-01T00:00:00.000Z,SN15890:0
635,2020-12-01T00:00:00.000Z,SN4460:0
636,2020-12-01T00:00:00.000Z,SN66150:0
637,2020-12-01T00:00:00.000Z,SN180:0
638,2020-12-01T00:00:00.000Z,SN78370:0
639,2020-12-01T00:00:00.000Z,SN61090:0
640,2020-12-01T00:00:00.000Z,SN92895:0
641,2020-12-01T00:00:00.000Z,SN31250:0
642,2020-12-01T00:00:00.000Z,SN18420:0
643,2020-12-01T00:00:00.000Z,SN11790:0
644,2020-12-01T00:00:00.000Z,SN39100:0
645,2020-12-01T00:00:00.000Z,SN90760:0
646,2020-12-01T00:00:00.000Z,SN4110:0
647,2020-12-01T00:00:00.000Z,SN18160:0
648,2020-12-01T00:00:00.000Z,SN55770:0
649,2020-12-01T00:00:00.000Z,SN76450:0
650,2020-12-01T00:00:00.000Z,SN30810:0
651,2020-12-01T00:00:00.000Z,SN68420:0
652,2020-12-01T00:00:00.000Z,SN80200:0
653,2020-12-01T00:00:00.000Z,SN33430:0
654,2020-12-01T00:00:00.000Z,SN54110:0
655,2020-12-01T00:00:00.000Z,SN81420:0
656,2020-12-01T00:00:00.000Z,SN87315:0
657,2020-12-01T00:00:00.000Z,SN19461:0
658,2020-12-01T00:00:00.000Z,SN66760:0
659,2020-12-01T00:00:00.000Z,SN46430:0
660,2020-12-01T00:00:00.000Z,SN19470:0
661,2020-12-01T00:00:00.000Z,SN98090:0
662,2020-12-01T00:00:00.000Z,SN47498:0
663,2020-12-01T00:00:00.000Z,SN66850:0
664,2020-12-01T00:00:00.000Z,SN90491:0
665,2020-12-01T00:00:00.000Z,SN5680:0
666,2020-12-01T00:00:00.000Z,SN61790:0
667,2020-12-01T00:00:00.000Z,SN93900:0
668,2020-12-01T00:00:00.000Z,SN58910:0
669,2020-12-01T00:00:00.000Z,SN47480:0
670,2020-12-01T00:00:00.000Z,SN12050:0
671,2020-12-01T00:00:00.000Z,SN82210:0
672,2020-12-01T00:00:00.000Z,SN33950:0
673,2020-12-01T00:00:00.000Z,SN27320:0
674,2020-12-01T00:00:00.000Z,SN27015:0
675,2020-12-01T00:00:00.000Z,SN5330:0
676,2020-12-01T00:00:00.000Z,SN42940:0
677,2020-12-01T00:00:00.000Z,SN91675:0
678,2020-12-01T00:00:00.000Z,SN7950:0
679,2020-12-01T00:00:00.000Z,SN1230:0
680,2020-12-01T00:00:00.000Z,SN57340:0
681,2020-12-01T00:00:00.000Z,SN91729:0
682,2020-12-01T00:00:00.000Z,SN9870:0
683,2020-12-01T00:00:00.000Z,SN26970:0
684,2020-12-01T00:00:00.000Z,SN85640:0
685,2020-12-01T00:00:00.000Z,SN18315:0
686,2020-12-01T00:00:00.000Z,SN77350:0
687,2020-12-01T00:00:00.000Z,SN69661:0
688,2020-12-01T00:00:00.000Z,SN32060:0
689,2020-12-01T00:00:00.000Z,SN62295:0
690,2020-12-01T00:00:00.000Z,SN50865:0
691,2020-12-01T00:00:00.000Z,SN34680:0
692,2020-12-01T00:00:00.000Z,SN84070:0
693,2020-12-01T00:00:00.000Z,SN19930:0
694,2020-12-01T00:00:00.000Z,SN68010:0
695,2020-12-01T00:00:00.000Z,SN64242:0
696,2020-12-01T00:00:00.000Z,SN88690:0
697,2020-12-01T00:00:00.000Z,SN49860:0
698,2020-12-01T00:00:00.000Z,SN99340:0
699,2020-12-01T00:00:00.000Z,SN82410:0
700,2020-12-01T00:00:00.000Z,SN70980:0
701,2020-12-01T00:00:00.000Z,SN83280:0
702,2020-12-01T00:00:00.000Z,SN76928:0
703,2020-12-01T00:00:00.000Z,SN6840:0
704,2020-12-01T00:00:00.000Z,SN210:0
705,2020-12-01T00:00:00.000Z,SN62950:0
706,2020-12-01T00:00:00.000Z,SN56320:0
707,2020-12-01T00:00:00.000Z,SN69625:0
708,2020-12-01T00:00:00.000Z,SN90305:0
709,2020-12-01T00:00:00.000Z,SN6580:0
710,2020-12-01T00:00:00.000Z,SN44190:0
711,2020-12-01T00:00:00.000Z,SN33890:0
712,2020-12-01T00:00:00.000Z,SN64870:0
713,2020-12-01T00:00:00.000Z,SN41005:0
714,2020-12-01T00:00:00.000Z,SN120:0
715,2020-12-01T00:00:00.000Z,SN98550:0
716,2020-12-01T00:00:00.000Z,SN24820:0
717,2020-12-01T00:00:00.000Z,SN93140:0
718,2020-12-01T00:00:00.000Z,SN10070:0
719,2020-12-01T00:00:00.000Z,SN94235:0
720,2020-12-01T00:00:00.000Z,SN20540:0
721,2020-12-01T00:00:00.000Z,SN86600:0
722,2020-12-01T00:00:00.000Z,SN15480:0
723,2020-12-01T00:00:00.000Z,SN18405:0
724,2020-12-01T00:00:00.000Z,SN44567:0
725,2020-12-01T00:00:00.000Z,SN46460:0
726,2020-12-01T00:00:00.000Z,SN67140:0
727,2020-12-01T00:00:00.000Z,SN59110:0
728,2020-12-01T00:00:00.000Z,SN20280:0
729,2020-12-01T00:00:00.000Z,SN52390:0
730,2020-12-01T00:00:00.000Z,SN17400:0
731,2020-12-01T00:00:00.000Z,SN44800:0
732,2020-12-01T00:00:00.000Z,SN12600:0
733,2020-12-01T00:00:00.000Z,SN71850:0
734,2020-12-01T00:00:00.000Z,SN18701:0
735,2020-12-01T00:00:00.000Z,SN53700:0
736,2020-12-01T00:00:00.000Z,SN72200:0
737,2020-12-01T00:00:00.000Z,SN50506:0
738,2020-12-01T00:00:00.000Z,SN38735:0
739,2020-12-01T00:00:00.000Z,SN18450:0
740,2020-12-01T00:00:00.000Z,SN17050:0
741,2020-12-01T00:00:00.000Z,SN57630:0
742,2020-12-01T00:00:00.000Z,SN19670:0
743,2020-12-01T00:00:00.000Z,SN71805:0
744,2020-12-01T00:00:00.000Z,SN4920:0
745,2020-12-01T00:00:00.000Z,SN23420:0
746,2020-12-01T00:00:00.000Z,SN94800:0
747,2020-12-01T00:00:00.000Z,SN55970:0
748,2020-12-01T00:00:00.000Z,SN39040:0
749,2020-12-01T00:00:00.000Z,SN2480:0
750,2020-12-01T00:00:00.000Z,SN87120:0
751,2020-12-01T00:00:00.000Z,SN60:0
752,2020-12-01T00:00:00.000Z,SN98580:0
753,2020-12-01T00:00:00.000Z,SN78250:0
754,2020-12-01T00:00:00.000Z,SN73800:0
755,2020-12-01T00:00:00.000Z,SN12648:0
756,2020-12-01T00:00:00.000Z,SN81650:0
757,2020-12-01T00:00:00.000Z,SN75020:0
758,2020-12-01T00:00:00.000Z,SN66120:0
759,2020-12-01T00:00:00.000Z,SN9050:0
760,2020-12-01T00:00:00.000Z,SN67340:0
761,2020-12-01T00:00:00.000Z,SN85840:0
762,2020-12-01T00:00:00.000Z,SN37150:0
763,2020-12-01T00:00:00.000Z,SN4950:0
764,2020-12-01T00:00:00.000Z,SN32350:0
765,2020-12-01T00:00:00.000Z,SN61060:0
766,2020-12-01T00:00:00.000Z,SN47055:0
767,2020-12-01T00:00:00.000Z,SN26500:0
768,2020-12-01T00:00:00.000Z,SN37500:0
769,2020-12-01T00:00:00.000Z,SN6170:0
770,2020-12-01T00:00:00.000Z,SN50150:0
771,2020-12-01T00:00:00.000Z,SN3290:0
772,2020-12-01T00:00:00.000Z,SN22840:0
773,2020-12-01T00:00:00.000Z,SN27272:0
774,2020-12-01T00:00:00.000Z,SN26590:0
775,2020-12-01T00:00:00.000Z,SN20301:0
776,2020-12-01T00:00:00.000Z,SN53990:0
777,2020-12-01T00:00:00.000Z,SN54645:0
778,2020-12-01T00:00:00.000Z,SN47270:0
779,2020-12-01T00:00:00.000Z,SN74670:0
780,2020-12-01T00:00:00.000Z,SN95350:0
781,2020-12-01T00:00:00.000Z,SN12280:0
782,2020-12-05T00:00:00.000Z,SN41860:0
783,2020-12-01T00:00:00.000Z,SN51460:0
784,2020-12-01T00:00:00.000Z,SN76931:0
785,2020-12-01T00:00:00.000Z,SN54600:0
786,2020-12-01T00:00:00.000Z,SN82000:0
787,2020-12-01T00:00:00.000Z,SN55820:0
788,2020-12-01T00:00:00.000Z,SN96400:0
789,2020-12-01T00:00:00.000Z,SN52940:0
790,2020-12-01T00:00:00.000Z,SN14550:0
791,2020-12-01T00:00:00.000Z,SN13150:0
792,2020-12-01T00:00:00.000Z,SN63940:0
793,2020-12-01T00:00:00.000Z,SN76240:0
794,2020-12-01T00:00:00.000Z,SN19825:0
795,2020-12-01T00:00:00.000Z,SN69960:0
796,2020-12-01T00:00:00.000Z,SN89985:0
797,2020-12-01T00:00:00.000Z,SN50500:0
798,2020-12-01T00:00:00.000Z,SN69655:0
799,2020-12-01T00:00:00.000Z,SN97710:0
800,2020-12-01T00:00:00.000Z,SN27281:0
801,2020-12-01T00:00:00.000Z,SN50850:0
802,2020-12-01T00:00:00.000Z,SN76330:0
803,2020-12-01T00:00:00.000Z,SN8135:0
804,2020-12-01T00:00:00.000Z,SN69520:0
805,2020-12-01T00:00:00.000Z,SN60620:0
806,2020-12-01T00:00:00.000Z,SN12980:0
807,2020-12-01T00:00:00.000Z,SN13760:0
808,2020-12-01T00:00:00.000Z,SN3730:0
809,2020-12-01T00:00:00.000Z,SN25630:0
810,2020-12-01T00:00:00.000Z,SN14200:0
811,2020-12-01T00:00:00.000Z,SN57830:0
812,2020-12-01T00:00:00.000Z,SN89940:0
813,2020-12-01T00:00:00.000Z,SN62980:0
814,2020-12-01T00:00:00.000Z,SN61580:0
815,2020-12-01T00:00:00.000Z,SN43520:0
816,2020-12-01T00:00:00.000Z,SN99540:0
817,2020-12-01T00:00:00.000Z,SN55300:0
818,2020-12-01T00:00:00.000Z,SN96310:0
819,2020-12-01T00:00:00.000Z,SN92910:0
820,2020-12-01T00:00:00.000Z,SN57480:0
821,2020-12-01T00:00:00.000Z,SN84880:0
822,2020-12-01T00:00:00.000Z,SN9310:0
823,2020-12-01T00:00:00.000Z,SN56520:0
824,2020-12-01T00:00:00.000Z,SN11060:0
825,2020-12-01T00:00:00.000Z,SN49800:0
826,2020-12-01T00:00:00.000Z,SN30340:0
827,2020-12-01T00:00:00.000Z,SN27460:0
828,2020-12-01T00:00:00.000Z,SN84970:0
829,2020-12-01T00:00:00.000Z,SN9400:0
830,2020-12-01T00:00:00.000Z,SN55928:0
831,2020-12-01T00:00:00.000Z,SN59660:0
832,2020-12-01T00:00:00.000Z,SN3990:0
833,2020-12-01T00:00:00.000Z,SN80340:0
834,2020-12-01T00:00:00.000Z,SN23800:0
835,2020-12-01T00:00:00.000Z,SN60010:0
836,2020-12-01T00:00:00.000Z,SN24670:0
837,2020-12-01T00:00:00.000Z,SN44480:0
838,2020-12-01T00:00:00.000Z,SN56780:0
839,2020-12-01T00:00:00.000Z,SN45350:0
840,2020-12-01T00:00:00.000Z,SN50527:0
841,2020-12-01T00:00:00.000Z,SN47264:0
842,2020-12-01T00:00:00.000Z,SN26934:0
843,2020-12-19T00:00:00.000Z,SN90:0
844,2020-12-01T00:00:00.000Z,SN27400:0
845,2020-12-01T00:00:00.000Z,SN84910:0
846,2020-12-01T00:00:00.000Z,SN30325:0
847,2020-12-01T00:00:00.000Z,SN90490:0
848,2020-12-01T00:00:00.000Z,SN63530:0
849,2020-12-01T00:00:00.000Z,SN47820:0
850,2020-12-01T00:00:00.000Z,SN76530:0
851,2020-12-01T00:00:00.000Z,SN1400:0
852,2020-12-01T00:00:00.000Z,SN77490:0
853,2020-12-01T00:00:00.000Z,SN28450:0
854,2020-12-01T00:00:00.000Z,SN58030:0
855,2020-12-01T00:00:00.000Z,SN86740:0
856,2020-12-01T00:00:00.000Z,SN33250:0
857,2020-12-01T00:00:00.000Z,SN47300:0
858,2020-12-01T00:00:00.000Z,SN57770:0
859,2020-12-01T00:00:00.000Z,SN76925:0
860,2020-12-01T00:00:00.000Z,SN85080:0
861,2020-12-01T00:00:00.000Z,SN78800:0
862,2020-12-01T00:00:00.000Z,SN43810:0
863,2020-12-01T00:00:00.000Z,SN17280:0
864,2020-12-01T00:00:00.000Z,SN87000:0
865,2020-12-01T00:00:00.000Z,SN9250:0
866,2020-12-01T00:00:00.000Z,SN49085:0
867,2020-12-01T00:00:00.000Z,SN11000:0
868,2020-12-01T00:00:00.000Z,SN70510:0
869,2020-12-01T00:00:00.000Z,SN2970:0
870,2020-12-01T00:00:00.000Z,SN31680:0
871,2020-12-01T00:00:00.000Z,SN30280:0
872,2020-12-01T00:00:00.000Z,SN87763:0
873,2020-12-01T00:00:00.000Z,SN52360:0
874,2020-12-01T00:00:00.000Z,SN53230:0
875,2020-12-01T00:00:00.000Z,SN5590:0
876,2020-12-01T00:00:00.000Z,SN87117:0
877,2020-12-01T00:00:00.000Z,SN18240:0
878,2020-12-01T00:00:00.000Z,SN92500:0
879,2020-12-01T00:00:00.000Z,SN24960:0
880,2020-12-01T00:00:00.000Z,SN94680:0
881,2020-12-01T00:00:00.000Z,SN44985:0
882,2020-12-01T00:00:00.000Z,SN10300:0
883,2020-12-01T00:00:00.000Z,SN39010:0
884,2020-12-01T00:00:00.000Z,SN46510:0
885,2020-12-01T00:00:00.000Z,SN75220:0
886,2020-12-01T00:00:00.000Z,SN87772:0
887,2020-12-01T00:00:00.000Z,SN26898:0
888,2020-12-01T00:00:00.000Z,SN4827:0
889,2020-12-01T00:00:00.000Z,SN23300:0
890,2020-12-01T00:00:00.000Z,SN7420:0
891,2020-12-01T00:00:00.000Z,SN84210:0
892,2020-12-01T00:00:00.000Z,SN67280:0
893,2020-12-01T00:00:00.000Z,SN60650:0
894,2020-12-01T00:00:00.000Z,SN59250:0
895,2020-12-01T00:00:00.000Z,SN49220:0
896,2020-12-01T00:00:00.000Z,SN32290:0
897,2020-12-01T00:00:00.000Z,SN52970:0
898,2020-12-01T00:00:00.000Z,SN17980:0
899,2020-12-01T00:00:00.000Z,SN58990:0
900,2020-12-01T00:00:00.000Z,SN26790:0
901,2020-12-01T00:00:00.000Z,SN700:0
902,2020-12-01T00:00:00.000Z,SN26862:0
903,2020-12-01T00:00:00.000Z,SN82290:0
904,2020-12-01T00:00:00.000Z,SN24350:0
905,2020-12-01T00:00:00.000Z,SN50503:0
906,2020-12-01T00:00:00.000Z,SN18500:0
907,2020-12-01T00:00:00.000Z,SN91890:0
908,2020-12-01T00:00:00.000Z,SN18195:0
909,2020-12-01T00:00:00.000Z,SN77230:0
910,2020-12-01T00:00:00.000Z,SN89010:0
911,2020-12-01T00:00:00.000Z,SN62480:0
912,2020-12-01T00:00:00.000Z,SN74350:0
913,2020-12-01T00:00:00.000Z,SN69550:0
914,2020-12-01T00:00:00.000Z,SN88023:0
915,2020-12-01T00:00:00.000Z,SN22690:0
916,2020-12-01T00:00:00.000Z,SN48170:0
917,2020-12-01T00:00:00.000Z,SN96250:0
918,2020-12-01T00:00:00.000Z,SN19810:0
919,2020-12-01T00:00:00.000Z,SN67890:0
920,2020-12-01T00:00:00.000Z,SN96600:0
921,2020-12-01T00:00:00.000Z,SN25830:0
922,2020-12-01T00:00:00.000Z,SN47192:0
923,2020-12-01T00:00:00.000Z,SN33555:0
924,2020-12-01T00:00:00.000Z,SN79700:0
925,2020-12-01T00:00:00.000Z,SN25115:0
926,2020-12-01T00:00:00.000Z,SN68270:0
927,2020-12-01T00:00:00.000Z,SN4785:0
928,2020-12-01T00:00:00.000Z,SN63820:0
929,2020-12-01T00:00:00.000Z,SN92350:0
930,2020-12-01T00:00:00.000Z,SN18180:0
931,2020-12-01T00:00:00.000Z,SN39201:0
932,2020-12-01T00:00:00.000Z,SN31853:0
933,2020-12-01T00:00:00.000Z,SN27403:0
934,2020-12-01T00:00:00.000Z,SN11900:0
935,2020-12-01T00:00:00.000Z,SN54740:0
936,2020-12-01T00:00:00.000Z,SN62160:0
937,2020-12-01T00:00:00.000Z,SN81315:0
938,2020-12-01T00:00:00.000Z,SN41175:0
939,2020-12-01T00:00:00.000Z,SN82840:0
940,2020-12-01T00:00:00.000Z,SN67005:0
941,2020-12-01T00:00:00.000Z,SN19490:0
942,2020-12-01T00:00:00.000Z,SN60850:0
943,2020-12-01T00:00:00.000Z,SN22890:0
944,2020-12-01T00:00:00.000Z,SN16610:0
945,2020-12-01T00:00:00.000Z,SN35110:0
946,2020-12-01T00:00:00.000Z,SN76470:0
947,2020-12-01T00:00:00.000Z,SN61810:0
948,2020-12-01T00:00:00.000Z,SN99420:0
949,2020-12-01T00:00:00.000Z,SN41480:0
950,2020-12-01T00:00:00.000Z,SN27161:0
951,2020-12-01T00:00:00.000Z,SN91740:0
952,2020-12-01T00:00:00.000Z,SN38250:0
953,2020-12-01T00:00:00.000Z,SN29350:0
954,2020-12-01T00:00:00.000Z,SN50120:0
955,2020-12-01T00:00:00.000Z,SN77403:0
956,2020-12-01T00:00:00.000Z,SN60500:0
957,2020-12-01T00:00:00.000Z,SN31970:0
958,2020-12-01T00:00:00.000Z,SN91480:0
959,2020-12-01T00:00:00.000Z,SN730:0
960,2020-12-01T00:00:00.000Z,SN13030:0
961,2020-12-01T00:00:00.000Z,SN8230:0
962,2020-12-01T00:00:00.000Z,SN60240:0
963,2020-12-01T00:00:00.000Z,SN1600:0
964,2020-12-01T00:00:00.000Z,SN89820:0
965,2020-12-01T00:00:00.000Z,SN54731:0
966,2020-12-01T00:00:00.000Z,SN1950:0
967,2020-12-01T00:00:00.000Z,SN44710:0
968,2020-12-01T00:00:00.000Z,SN91695:0
969,2020-12-01T00:00:00.000Z,SN4543:0
970,2020-12-01T00:00:00.000Z,SN17875:0
971,2020-12-01T00:00:00.000Z,SN31620:0
972,2020-12-01T00:00:00.000Z,SN91130:0
973,2020-12-01T00:00:00.000Z,SN84500:0
974,2020-12-01T00:00:00.000Z,SN55700:0
975,2020-12-01T00:00:00.000Z,SN58320:0
976,2020-12-01T00:00:00.000Z,SN2650:0
977,2020-12-01T00:00:00.000Z,SN66045:0
978,2020-12-01T00:00:00.000Z,SN58670:0
979,2020-12-01T00:00:00.000Z,SN18162:0
980,2020-12-01T00:00:00.000Z,SN71320:0
981,2020-12-01T00:00:00.000Z,SN3780:0
982,2020-12-01T00:00:00.000Z,SN36330:0
983,2020-12-19T00:00:00.000Z,SN29700:0
984,2020-12-01T00:00:00.000Z,SN18270:0
985,2020-12-01T00:00:00.000Z,SN80615:0
986,2020-12-01T00:00:00.000Z,SN42700:0
987,2020-12-01T00:00:00.000Z,SN44970:0
988,2020-12-01T00:00:00.000Z,SN2560:0
989,2020-12-01T00:00:00.000Z,SN4740:0
990,2020-12-01T00:00:00.000Z,SN30247:0
991,2020-12-01T00:00:00.000Z,SN26820:0
992,2020-12-01T00:00:00.000Z,SN93301:0
993,2020-12-01T00:00:00.000Z,SN80050:0
994,2020-12-01T00:00:00.000Z,SN47240:0
995,2020-12-01T00:00:00.000Z,SN57710:0
996,2020-12-01T00:00:00.000Z,SN27780:0
997,2020-12-01T00:00:00.000Z,SN18225:0
998,2020-12-01T00:00:00.000Z,SN58060:0
999,2020-12-01T00:00:00.000Z,SN30875:0
1000,2020-12-01T00:00:00.000Z,SN87640:0
1001,2020-12-01T00:00:00.000Z,SN38600:0
1002,2020-12-01T00:00:00.000Z,SN44548:0
1003,2020-12-01T00:00:00.000Z,SN26802:0
1004,2020-12-01T00:00:00.000Z,SN80705:0
1005,2020-12-01T00:00:00.000Z,SN51250:0
1006,2020-12-01T00:00:00.000Z,SN56400:0
1007,2020-12-01T00:00:00.000Z,SN18440:0
1008,2020-12-01T00:00:00.000Z,SN28922:0
1009,2020-12-01T00:00:00.000Z,SN90110:0
1010,2020-12-01T00:00:00.000Z,SN45870:0
1011,2020-12-01T00:00:00.000Z,SN31210:0
1012,2020-12-01T00:00:00.000Z,SN31560:0
1013,2020-12-01T00:00:00.000Z,SN37580:0
1014,2020-12-01T00:00:00.000Z,SN75190:0
1015,2020-12-01T00:00:00.000Z,SN4725:0
1016,2020-12-01T00:00:00.000Z,SN32780:0
1017,2020-12-01T00:00:00.000Z,SN38800:0
1018,2020-12-01T00:00:00.000Z,SN29900:0
1019,2020-12-02T00:00:00.000Z,SN60880:0
1020,2020-12-01T00:00:00.000Z,SN69035:0
1021,2020-12-01T00:00:00.000Z,SN39150:0
1022,2020-12-01T00:00:00.000Z,SN3720:0
1023,2020-12-01T00:00:00.000Z,SN98974:0
1024,2020-12-01T00:00:00.000Z,SN26670:0
1025,2020-12-01T00:00:00.000Z,SN19663:0
1026,2020-12-01T00:00:00.000Z,SN47350:0
1027,2020-12-01T00:00:00.000Z,SN18210:0
1028,2020-12-01T00:00:00.000Z,SN30860:0
1029,2020-12-03T00:00:00.000Z,SN59570:0
1030,2020-12-01T00:00:00.000Z,SN27433:0
1031,2020-12-01T00:00:00.000Z,SN12710:0
1032,2020-12-01T00:00:00.000Z,SN81775:0
1033,2020-12-01T00:00:00.000Z,SN54815:0
1034,2020-12-01T00:00:00.000Z,SN37230:0
1035,2020-12-01T00:00:00.000Z,SN65940:0
1036,2020-12-01T00:00:00.000Z,SN66810:0
1037,2020-12-01T00:00:00.000Z,SN21700:0
1038,2020-12-01T00:00:00.000Z,SN25100:0
1039,2020-12-01T00:00:00.000Z,SN11463:0
1040,2020-12-01T00:00:00.000Z,SN60225:0
1041,2020-12-01T00:00:00.000Z,SN27406:0
1042,2020-12-01T00:00:00.000Z,SN18165:0
1043,2020-12-01T00:00:00.000Z,SN46220:0
1044,2020-12-01T00:00:00.000Z,SN66900:0
1045,2020-12-01T00:00:00.000Z,SN27415:0
1046,2020-12-01T00:00:00.000Z,SN68120:0
1047,2020-12-01T00:00:00.000Z,SN26060:0
1048,2020-12-01T00:00:00.000Z,SN54770:0
1049,2020-12-01T00:00:00.000Z,SN89213:0
1050,2020-12-01T00:00:00.000Z,SN19780:0
1051,2020-12-01T00:00:00.000Z,SN57390:0
1052,2020-12-01T00:00:00.000Z,SN58960:0
1053,2020-12-01T00:00:00.000Z,SN27630:0
1054,2020-12-01T00:00:00.000Z,SN14711:0
1055,2020-12-01T00:00:00.000Z,SN670:0
1056,2020-12-01T00:00:00.000Z,SN60835:0
1057,2020-12-01T00:00:00.000Z,SN70390:0
1058,2020-12-01T00:00:00.000Z,SN6690:0
1059,2020-12-01T00:00:00.000Z,SN44300:0
1060,2020-12-01T00:00:00.000Z,SN55425:0
1061,2020-12-01T00:00:00.000Z,SN27065:0
1062,2020-12-01T00:00:00.000Z,SN13060:0
1063,2020-12-01T00:00:00.000Z,SN41770:0
1064,2020-12-01T00:00:00.000Z,SN3810:0
1065,2020-12-01T00:00:00.000Z,SN18703:0
1066,2020-12-01T00:00:00.000Z,SN54420:0
1067,2020-12-01T00:00:00.000Z,SN75100:0
1068,2020-12-01T00:00:00.000Z,SN19430:0
1069,2020-12-01T00:00:00.000Z,SN91725:0
1070,2020-12-01T00:00:00.000Z,SN49351:0
1071,2020-12-01T00:00:00.000Z,SN96220:0
1072,2020-12-01T00:00:00.000Z,SN98400:0
1073,2020-12-01T00:00:00.000Z,SN53101:0
1074,2020-12-01T00:00:00.000Z,SN49360:0
1075,2020-12-01T00:00:00.000Z,SN24230:0
1076,2020-12-01T00:00:00.000Z,SN51980:0
1077,2020-12-01T00:00:00.000Z,SN90720:0
1078,2020-12-01T00:00:00.000Z,SN44605:0
1079,2020-12-01T00:00:00.000Z,SN55730:0
1080,2020-12-01T00:00:00.000Z,SN50311:0
1081,2020-12-01T00:00:00.000Z,SN58350:0
1082,2020-12-01T00:00:00.000Z,SN71000:0
1083,2020-12-01T00:00:00.000Z,SN25540:0
1084,2020-12-02T00:00:00.000Z,SN36010:0
1085,2020-12-01T00:00:00.000Z,SN3200:0
1086,2020-12-01T00:00:00.000Z,SN91420:0
1087,2020-12-01T00:00:00.000Z,SN44560:0
1088,2020-12-01T00:00:00.000Z,SN26975:0
1089,2020-12-01T00:00:00.000Z,SN90400:0
1090,2020-12-01T00:00:00.000Z,SN85645:0
1091,2020-12-01T00:00:00.000Z,SN40005:0
1092,2020-12-01T00:00:00.000Z,SN82110:0
1093,2020-12-01T00:00:00.000Z,SN49910:0
1094,2020-12-01T00:00:00.000Z,SN70680:0
1095,2020-12-01T00:00:00.000Z,SN31850:0
1096,2020-12-01T00:00:00.000Z,SN55930:0
1097,2020-12-01T00:00:00.000Z,SN63000:0
1098,2020-12-01T00:00:00.000Z,SN27301:0
1099,2020-12-01T00:00:00.000Z,SN23560:0
1100,2020-12-01T00:00:00.000Z,SN71550:0
1101,2020-12-01T00:00:00.000Z,SN51597:0
1102,2020-12-01T00:00:00.000Z,SN82020:0
1103,2020-12-01T00:00:00.000Z,SN36560:0
1104,2020-12-01T00:00:00.000Z,SN97470:0
1105,2020-12-01T00:00:00.000Z,SN49955:0
1106,2020-12-01T00:00:00.000Z,SN11125:0
1107,2020-12-01T00:00:00.000Z,SN49865:0
1108,2020-12-01T00:00:00.000Z,SN59860:0
1109,2020-12-01T00:00:00.000Z,SN78360:0
1110,2020-12-01T00:00:00.000Z,SN16400:0
1111,2020-12-01T00:00:00.000Z,SN31500:0
1112,2020-12-01T00:00:00.000Z,SN34900:0
1113,2020-12-01T00:00:00.000Z,SN91010:0
1114,2020-12-01T00:00:00.000Z,SN44563:0
1115,2020-12-01T00:00:00.000Z,SN9160:0
1116,2020-12-01T00:00:00.000Z,SN11340:0
1117,2020-12-01T00:00:00.000Z,SN44545:0
1118,2020-12-01T00:00:00.000Z,SN35860:0
1119,2020-12-01T00:00:00.000Z,SN57940:0
1120,2020-12-01T00:00:00.000Z,SN52458:0
1121,2020-12-01T00:00:00.000Z,SN94500:0
1122,2020-12-01T00:00:00.000Z,SN59815:0
1123,2020-12-01T00:00:00.000Z,SN44760:0
1124,2020-12-01T00:00:00.000Z,SN6020:0
1125,2020-12-01T00:00:00.000Z,SN65530:0
1126,2020-12-01T00:00:00.000Z,SN58810:0
1127,2020-12-01T00:00:00.000Z,SN91728:0
1128,2020-12-01T00:00:00.000Z,SN69280:0
1129,2020-12-01T00:00:00.000Z,SN57850:0
1130,2020-12-01T00:00:00.000Z,SN60030:0
1131,2020-12-01T00:00:00.000Z,SN71900:0
1132,2020-12-01T00:00:00.000Z,SN25040:0
1133,2020-12-01T00:00:00.000Z,SN84900:0
1134,2020-12-01T00:00:00.000Z,SN31410:0
1135,2020-12-01T00:00:00.000Z,SN69020:0
1136,2020-12-01T00:00:00.000Z,SN60990:0
1137,2020-12-01T00:00:00.000Z,SN71990:0
1138,2020-12-01T00:00:00.000Z,SN45460:0
1139,2020-12-01T00:00:00.000Z,SN94195:0
1140,2020-12-01T00:00:00.000Z,SN26996:0
1141,2020-12-01T00:00:00.000Z,SN61340:0
1142,2020-12-01T00:00:00.000Z,SN54710:0
1143,2020-12-01T00:00:00.000Z,SN73210:0
1144,2020-12-01T00:00:00.000Z,SN26350:0
1145,2020-12-01T00:00:00.000Z,SN11690:0
1146,2020-12-01T00:00:00.000Z,SN58900:0
1147,2020-12-01T00:00:00.000Z,SN44554:0
1148,2020-12-01T00:00:00.000Z,SN81760:0
1149,2020-12-01T00:00:00.000Z,SN55670:0
1150,2020-12-01T00:00:00.000Z,SN84380:0
1151,2020-12-01T00:00:00.000Z,SN35340:0
1152,2020-12-01T00:00:00.000Z,SN18410:0
1153,2020-12-01T00:00:00.000Z,SN10380:0
1154,2020-12-01T00:00:00.000Z,SN25112:0
1155,2020-12-01T00:00:00.000Z,SN30244:0
1156,2020-12-01T00:00:00.000Z,SN13655:0
1157,2020-12-01T00:00:00.000Z,SN89350:0
1158,2020-12-01T00:00:00.000Z,SN82720:0
1159,2020-12-01T00:00:00.000Z,SN47730:0
1160,2020-12-01T00:00:00.000Z,SN97120:0
1161,2020-12-01T00:00:00.000Z,SN61062:0
1162,2020-12-01T00:00:00.000Z,SN15270:0
1163,2020-12-01T00:00:00.000Z,SN74780:0
1164,2020-12-01T00:00:00.000Z,SN94805:0
